{
  "feature_names": [
    "camber_pct",
    "camber_pos_pct",
    "thickness_pct",
    "aoa_deg",
    "flap_angle_deg",
    "flap_chord_pct",
    "aspect_ratio",
    "endplate_h_pct",
    "camber_thickness_ratio",
    "loading_index",
    "flap_effectiveness",
    "ar_endplate_factor",
    "chord_re_log"
  ],
  "target_names": [
    "Cl",
    "Cd",
    "Cl_Cd",
    "downforce_N",
    "drag_N",
    "efficiency"
  ],
  "xgboost": {
    "val": {
      "Cl": {
        "r2": 0.9610496403254492,
        "rmse": 0.0870065631098585,
        "mape": 2.1531355156840966
      },
      "Cd": {
        "r2": 0.9558979620996192,
        "rmse": 0.000277609830969015,
        "mape": 0.018046991191265363
      },
      "Cl_Cd": {
        "r2": 0.9544900239958681,
        "rmse": 6.6589106670854195,
        "mape": 2.165355606337122
      },
      "downforce_N": {
        "r2": 0.9397035374937981,
        "rmse": 32.0096401113092,
        "mape": 2.1729232775065013
      },
      "drag_N": {
        "r2": 0.9224550692348477,
        "rmse": 3.4445507261477375,
        "mape": 0.12519793575597002
      },
      "efficiency": {
        "r2": 0.48191382983399056,
        "rmse": 2.9528677780354347,
        "mape": 0.28475480169355977
      },
      "mean_r2": 0.8692516771639288,
      "mean_rmse": 7.525542242586437
    },
    "test": {
      "Cl": {
        "r2": 0.974599015475392,
        "rmse": 0.06953032273819132,
        "mape": 2.1557762695415548
      },
      "Cd": {
        "r2": 0.9491646588592336,
        "rmse": 0.0002796616543569168,
        "mape": 0.01644219326442403
      },
      "Cl_Cd": {
        "r2": 0.9620110859338676,
        "rmse": 6.04958553735191,
        "mape": 2.152919198176499
      },
      "downforce_N": {
        "r2": 0.9628377404070809,
        "rmse": 24.711808975803407,
        "mape": 2.161202483224054
      },
      "drag_N": {
        "r2": 0.9627056897289608,
        "rmse": 2.35541364529943,
        "mape": 0.10050277411058767
      },
      "efficiency": {
        "r2": 0.43834740527543614,
        "rmse": 3.044317294321383,
        "mape": 0.2755277980398535
      },
      "mean_r2": 0.8749442659466619,
      "mean_rmse": 6.038489239528112
    },
    "shap": {
      "aoa_deg": 0.2514190737321624,
      "flap_effectiveness": 0.19768819010084507,
      "loading_index": 0.179118366462642,
      "thickness_pct": 0.14623221619878646,
      "flap_angle_deg": 0.0878936167199515,
      "ar_endplate_factor": 0.05209530294968906,
      "camber_pct": 0.02151779742513113,
      "aspect_ratio": 0.01746543989925595,
      "flap_chord_pct": 0.013297673404563712,
      "camber_thickness_ratio": 0.011990280051364937,
      "camber_pos_pct": 0.010765126739314129,
      "endplate_h_pct": 0.01051691631629372,
      "chord_re_log": 0.0
    }
  },
  "gp": {
    "val": {
      "Cl": {
        "r2": 0.9998366732526449,
        "rmse": 0.0056341049696862575,
        "mape": 1.99909283813991
      },
      "Cd": {
        "r2": 0.9997187703420648,
        "rmse": 2.2168487939655486e-05,
        "mape": 0.0012982383650562439
      },
      "Cl_Cd": {
        "r2": 0.9996460801942797,
        "rmse": 0.5872220013055942,
        "mape": 2.0069318234581655
      },
      "downforce_N": {
        "r2": 0.999759601783115,
        "rmse": 2.021159073348269,
        "mape": 1.998107408922512
      },
      "drag_N": {
        "r2": 0.9977878129479008,
        "rmse": 0.5817907359224744,
        "mape": 0.039734657506085964
      },
      "efficiency": {
        "r2": 0.72200906036512,
        "rmse": 2.1630089769632908,
        "mape": 0.20588786589149458
      },
      "mean_r2": 0.9531263331475208,
      "mean_rmse": 0.8931395101662091
    },
    "test": {
      "Cl": {
        "r2": 0.9997538948150245,
        "rmse": 0.006843989775904028,
        "mape": 1.9998541686533655
      },
      "Cd": {
        "r2": 0.9994764525272946,
        "rmse": 2.8381025572268165e-05,
        "mape": 0.001602215359068478
      },
      "Cl_Cd": {
        "r2": 0.9996729213177628,
        "rmse": 0.5613365250877707,
        "mape": 2.0073296865519623
      },
      "downforce_N": {
        "r2": 0.999601178020713,
        "rmse": 2.5600180302375524,
        "mape": 1.9966145529990234
      },
      "drag_N": {
        "r2": 0.997467832405048,
        "rmse": 0.6137508692017608,
        "mape": 0.04589269122353817
      },
      "efficiency": {
        "r2": 0.6978590134133994,
        "rmse": 2.2328566983792095,
        "mape": 0.20027358507126874
      },
      "mean_r2": 0.9489718820832072,
      "mean_rmse": 0.9958057489512949
    }
  },
  "mlp": {
    "val": {
      "Cl": {
        "r2": 0.9949796572823498,
        "rmse": 0.031236542751934757,
        "mape": 2.027525385537545
      },
      "Cd": {
        "r2": 0.9936717827538964,
        "rmse": 0.00010515894068235315,
        "mape": 0.0066330284728889155
      },
      "Cl_Cd": {
        "r2": 0.994428004543337,
        "rmse": 2.3299964653456144,
        "mape": 2.002166775551516
      },
      "downforce_N": {
        "r2": 0.9936718812695567,
        "rmse": 10.369843067999177,
        "mape": 1.9785414884403114
      },
      "drag_N": {
        "r2": 0.9888503215727938,
        "rmse": 1.3061319389789927,
        "mape": 0.06788704833334595
      },
      "efficiency": {
        "r2": 0.9629598469886648,
        "rmse": 0.7895495441791495,
        "mape": 0.06724021140790191
      },
      "mean_r2": 0.9880935824017665,
      "mean_rmse": 2.4711437863659254
    },
    "test": {
      "Cl": {
        "r2": 0.9947777405240592,
        "rmse": 0.031526676731278305,
        "mape": 2.0213403950682243
      },
      "Cd": {
        "r2": 0.9927974465451458,
        "rmse": 0.00010526725454537591,
        "mape": 0.006622728718247743
      },
      "Cl_Cd": {
        "r2": 0.9956955944126337,
        "rmse": 2.0363563321054907,
        "mape": 2.0045503797513082
      },
      "downforce_N": {
        "r2": 0.993634200045708,
        "rmse": 10.227746969249019,
        "mape": 1.9907449902015708
      },
      "drag_N": {
        "r2": 0.9922819656543289,
        "rmse": 1.0715174555020415,
        "mape": 0.06204707438250153
      },
      "efficiency": {
        "r2": 0.9563576202981547,
        "rmse": 0.8486140968003782,
        "mape": 0.07297567734331423
      },
      "mean_r2": 0.9875907612466718,
      "mean_rmse": 2.369311132940459
    }
  }
}