{
  "validated_designs": [
    {
      "rank": 1,
      "params": {
        "camber_pct": 3.3629780877510056,
        "camber_pos_pct": 29.199125007938527,
        "thickness_pct": 10.976444256071634,
        "aoa_deg": -8.527843277892778,
        "flap_angle_deg": 15.55545915519552,
        "flap_chord_pct": 21.774575945278386,
        "aspect_ratio": 4.884173857665298,
        "endplate_h_pct": 26.817827592648264
      },
      "physics": {
        "Cl": -0.42496400579040294,
        "Cd": 0.011235361763603643,
        "downforce_N": -142.20961431254167,
        "drag_N": 7.100895026376263,
        "efficiency": 20.026998538114462,
        "Cl_3d": -0.3342842178715338,
        "Cd_3d": 0.016691678347873218,
        "converged": true,
        "stall": false
      },
      "ml_prediction": {
        "Cl": -0.39782169885614727,
        "Cd": 0.011264320713899753,
        "downforce_N": -137.57230147357546,
        "drag_N": 6.9767730737357,
        "efficiency": 18.289318795648153,
        "reliability": 0.9608392274426253
      },
      "residuals_pct": {
        "Cl": 6.386966087580268,
        "Cd": 0.2577482675272722,
        "downforce_N": 3.2608996665826964,
        "drag_N": -1.7479761660961424,
        "efficiency": -8.67668582068969
      },
      "vs_baseline": {
        "downforce_pct": -36.01418812994805,
        "drag_pct": 2.8694394333255104,
        "efficiency_pct": 32.220209305315805
      }
    },
    {
      "rank": 2,
      "params": {
        "camber_pct": 3.205564214556676,
        "camber_pos_pct": 29.285843079520856,
        "thickness_pct": 10.952794835648348,
        "aoa_deg": -8.596534815426223,
        "flap_angle_deg": 15.377503325337614,
        "flap_chord_pct": 20.96055023051053,
        "aspect_ratio": 4.892260996688405,
        "endplate_h_pct": 26.894662165868617
      },
      "physics": {
        "Cl": -0.4402318880840491,
        "Cd": 0.011260932038261095,
        "downforce_N": -147.40117717817566,
        "drag_N": 7.277540671737298,
        "efficiency": 20.25425673684184,
        "Cl_3d": -0.3464877354779823,
        "Cd_3d": 0.01710690942550028,
        "converged": true,
        "stall": false
      },
      "ml_prediction": {
        "Cl": -0.40851040046128917,
        "Cd": 0.011307968317913374,
        "downforce_N": -143.5318213989366,
        "drag_N": 7.346273529646671,
        "efficiency": 18.586007698070322,
        "reliability": 0.9594396883673811
      },
      "residuals_pct": {
        "Cl": 7.205631504981683,
        "Cd": 0.41769437460828834,
        "downforce_N": 2.625050798991836,
        "drag_N": 0.9444517180962003,
        "efficiency": -8.23653546238024
      },
      "vs_baseline": {
        "downforce_pct": -40.979578210698165,
        "drag_pct": 5.4284743787978575,
        "efficiency_pct": 33.72059023083975
      }
    },
    {
      "rank": 3,
      "params": {
        "camber_pct": 2.920955655141134,
        "camber_pos_pct": 29.037275707234983,
        "thickness_pct": 10.98336952673385,
        "aoa_deg": -8.502983937850551,
        "flap_angle_deg": 15.579888521575274,
        "flap_chord_pct": 21.730608037860822,
        "aspect_ratio": 4.687621613577415,
        "endplate_h_pct": 26.817827592648264
      },
      "physics": {
        "Cl": -0.3818392803920722,
        "Cd": 0.011148933745179916,
        "downforce_N": -126.6452788380977,
        "drag_N": 6.661027038923116,
        "efficiency": 19.01287565687053,
        "Cl_3d": -0.29769800156037807,
        "Cd_3d": 0.015657705174798288,
        "converged": true,
        "stall": false
      },
      "ml_prediction": {
        "Cl": -0.3486210591164789,
        "Cd": 0.011192092663667011,
        "downforce_N": -120.19047573519627,
        "drag_N": 6.6266266156837474,
        "efficiency": 17.578843992758152,
        "reliability": 0.9581923504794988
      },
      "residuals_pct": {
        "Cl": 8.69952961400013,
        "Cd": 0.38711252101353905,
        "downforce_N": 5.096757780566926,
        "drag_N": -0.5164432307263257,
        "efficiency": -7.542423828949693
      },
      "vs_baseline": {
        "downforce_pct": -21.127919971692112,
        "drag_pct": -3.502852105402084,
        "efficiency_pct": 25.52487054228582
      }
    },
    {
      "rank": 4,
      "params": {
        "camber_pct": 2.920955655141134,
        "camber_pos_pct": 29.03514870071903,
        "thickness_pct": 10.983592153075435,
        "aoa_deg": -8.502560215718464,
        "flap_angle_deg": 15.579888521575274,
        "flap_chord_pct": 21.730703890228156,
        "aspect_ratio": 4.687621613577415,
        "endplate_h_pct": 26.817827592648268
      },
      "physics": {
        "Cl": -0.3817879518877919,
        "Cd": 0.011148874669002296,
        "downforce_N": -126.62825462641825,
        "drag_N": 6.660486262839889,
        "efficiency": 19.01186334290654,
        "Cl_3d": -0.29765798369440144,
        "Cd_3d": 0.015656434002586064,
        "converged": true,
        "stall": false
      },
      "ml_prediction": {
        "Cl": -0.3485879245028123,
        "Cd": 0.011192064751142214,
        "downforce_N": -120.17898767146055,
        "drag_N": 6.626241286884039,
        "efficiency": 17.57810381995248,
        "reliability": 0.9581881090501098
      },
      "residuals_pct": {
        "Cl": 8.695933756112128,
        "Cd": 0.38739409511887013,
        "downforce_N": 5.0930710321993224,
        "drag_N": -0.5141512887266161,
        "efficiency": -7.541394008015552
      },
      "vs_baseline": {
        "downforce_pct": -21.111637427496174,
        "drag_pct": -3.5106862350905064,
        "efficiency_pct": 25.518187146171982
      }
    },
    {
      "rank": 5,
      "params": {
        "camber_pct": 7.668609926257896,
        "camber_pos_pct": 49.91707833447309,
        "thickness_pct": 10.86916108497077,
        "aoa_deg": -12.753431074249182,
        "flap_angle_deg": 30.169366264748298,
        "flap_chord_pct": 21.39041629836838,
        "aspect_ratio": 5.425642475642852,
        "endplate_h_pct": 7.548912343120261
      },
      "physics": {
        "Cl": -0.7856301514989817,
        "Cd": 0.011850185037034314,
        "downforce_N": -252.74036822975538,
        "drag_N": 14.003494531050812,
        "efficiency": 18.04837840078693,
        "Cl_3d": -0.5941027034400456,
        "Cd_3d": 0.03291723445991924,
        "converged": true,
        "stall": false
      },
      "ml_prediction": {
        "Cl": -0.7714050746342367,
        "Cd": 0.011985875872645012,
        "downforce_N": -248.85053987675911,
        "drag_N": 12.707772728987326,
        "efficiency": 17.115527561333824,
        "reliability": 0.9538405540248714
      },
      "residuals_pct": {
        "Cl": 1.8106582133595075,
        "Cd": 1.14505246278126,
        "downforce_N": 1.5390609660978993,
        "drag_N": -9.252846132016565,
        "efficiency": -5.168613039565
      },
      "vs_baseline": {
        "downforce_pct": -141.7296197490819,
        "drag_pct": 102.86620590305647,
        "efficiency_pct": 19.157165025601696
      }
    },
    {
      "rank": 6,
      "params": {
        "camber_pct": 7.678933411227844,
        "camber_pos_pct": 49.33018219603286,
        "thickness_pct": 10.534286263637043,
        "aoa_deg": -12.753431074249182,
        "flap_angle_deg": 29.332037738490225,
        "flap_chord_pct": 21.39376519003466,
        "aspect_ratio": 5.450692088558663,
        "endplate_h_pct": 6.9166279054604995
      },
      "physics": {
        "Cl": -0.8108329711236918,
        "Cd": 0.01181732253538899,
        "downforce_N": -260.46889997857016,
        "drag_N": 14.611855674510492,
        "efficiency": 17.825860436942488,
        "Cl_3d": -0.6122697324657338,
        "Cd_3d": 0.03434727510807052,
        "converged": true,
        "stall": false
      },
      "ml_prediction": {
        "Cl": -0.7983300006704407,
        "Cd": 0.011886713190912092,
        "downforce_N": -258.15970065353895,
        "drag_N": 13.713564340469016,